{"FeederHeadLine": "Line.sw1", "FeederHeadLoading": 1.5760241588602, "FeederHeadLoadKW": -3614.9684615995175, "FeederHeadLoadKVar": -1310.4937441111806, "ReversePowerFlow": false}