{"FeederHeadLine": "Line.sw1", "FeederHeadLoading": 1.5764685191364145, "FeederHeadLoadKW": -3615.5502519801557, "FeederHeadLoadKVar": -1310.8649766461997, "ReversePowerFlow": false}