{"FeederHeadLine": "Line.sl_9", "FeederHeadLoading": 0.008967717520677152, "FeederHeadLoadKW": -0.47567998161488056, "FeederHeadLoadKVar": -0.057826091258118315, "ReversePowerFlow": false}