{"FeederHeadLine": "Line.sl_9", "FeederHeadLoading": 0.00401654865350431, "FeederHeadLoadKW": -0.2320737415116636, "FeederHeadLoadKVar": -0.021811037034562906, "ReversePowerFlow": false}