,phases,bus1,kV,kW,pf,model,yearly,daily,duty,growth,conn,kvar,Rneut,Xneut,status,class,Vminpu,Vmaxpu,Vminnorm,Vminemerg,xfkVA,allocationfactor,kVA,%mean,%stddev,CVRwatts,CVRvars,kwh,kwhdays,Cfactor,CVRcurve,NumCust,ZIPV,%SeriesRL,RelWeight,Vlowpu,puXharm,XRharm,spectrum,basefreq,enabled,like
Load.mpx000635970,1,110_2.1,0.24,0.0225437749940002,0.987278887205994,1,lp_mpx000635970,,,,wye,0.00363060291800706,-1,0,Variable,1,0.95,1.05,0,0,0,0.5,0.022834252090409,50,10,1,2,0,30,4,,1,['0 0 0 0 0 0 0'],50,1,0.5,0,6,defaultload,60,Yes,
Load.mpx000460267,1,111_2.1,0.24,0.685356442672368,0.985668177157945,1,lp_mpx000460267,,,,wye,0.117297786792833,-1,0,Variable,1,0.95,1.05,0,0,0,0.5,0.695321669660179,50,10,1,2,0,30,4,,1,['0 0 0 0 0 0 0'],50,1,0.5,0,6,defaultload,60,Yes,
Load.mpx000637601,1,112_2.1,0.24,0.229165981980333,0.891350249023867,1,lp_mpx000637601,,,,wye,0.116547270835712,-1,0,Variable,1,0.95,1.05,0,0,0,0.5,0.257099812594764,50,10,1,2,0,30,4,,1,['0 0 0 0 0 0 0'],50,1,0.5,0,6,defaultload,60,Yes,
Load.mpx000594341,1,113_2.1,0.24,0.0282002163625913,0.988083581678164,1,lp_mpx000594341,,,,wye,0.00439287602743687,-1,0,Variable,1,0.95,1.05,0,0,0,0.5,0.028540314691492,50,10,1,2,0,30,4,,1,['0 0 0 0 0 0 0'],50,1,0.5,0,6,defaultload,60,Yes,
