,phases,bus1,kV,kW,pf,model,yearly,daily,duty,growth,conn,kvar,Rneut,Xneut,status,class,Vminpu,Vmaxpu,Vminnorm,Vminemerg,xfkVA,allocationfactor,kVA,%mean,%stddev,CVRwatts,CVRvars,kwh,kwhdays,Cfactor,CVRcurve,NumCust,ZIPV,%SeriesRL,RelWeight,Vlowpu,puXharm,XRharm,spectrum,basefreq,enabled,like
Load.mpx000635970,1,110_2.1,0.24,0.289073511082329,0.987278887205994,1,lp_mpx000635970,,,,wye,0.0465543651466255,-1,0,Variable,1,0.95,1.05,0,0,0,0.5,0.292798230397095,50,10,1,2,0,30,4,,1,['0 0 0 0 0 0 0'],50,1,0.5,0,6,defaultload,60,Yes,
Load.mpx000460267,1,111_2.1,0.24,0.134366837937276,0.985668177157945,1,lp_mpx000460267,,,,wye,0.0229966944600945,-1,0,Variable,1,0.95,1.05,0,0,0,0.5,0.136320560053695,50,10,1,2,0,30,4,,1,['0 0 0 0 0 0 0'],50,1,0.5,0,6,defaultload,60,Yes,
Load.mpx000637601,1,112_2.1,0.24,0.581158184061614,0.891350249023867,1,lp_mpx000637601,,,,wye,0.295560447894192,-1,0,Variable,1,0.95,1.05,0,0,0,0.5,0.651997556177329,50,10,1,2,0,30,4,,1,['0 0 0 0 0 0 0'],50,1,0.5,0,6,defaultload,60,Yes,
Load.mpx000594341,1,113_2.1,0.24,0.119701035811618,0.988083581678164,1,lp_mpx000594341,,,,wye,0.0186463750460353,-1,0,Variable,1,0.95,1.05,0,0,0,0.5,0.1211446460919,50,10,1,2,0,30,4,,1,['0 0 0 0 0 0 0'],50,1,0.5,0,6,defaultload,60,Yes,
