{"FeederHeadLine": "Line.sl_9", "FeederHeadLoading": 0.06914843903984673, "FeederHeadLoadKW": -3.4849336301157035, "FeederHeadLoadKVar": -0.03366811435864132, "ReversePowerFlow": false}