{"FeederHeadLine": "Line.l7", "FeederHeadLoading": 0.00018408558827956613, "FeederHeadLoadKW": -36.355359408365295, "FeederHeadLoadKVar": 2084.359623722454, "ReversePowerFlow": false}