{"FeederHeadLine": "Line.sl_9", "FeederHeadLoading": 0.08721148497055156, "FeederHeadLoadKW": -4.381145353473898, "FeederHeadLoadKVar": -0.10148717985664939, "ReversePowerFlow": false}